file,direction,window_start_ms,window_end_ms
GH001,Twi_to_English,9982,10982
GH001,English_to_Twi,10229,11229
GH001,Twi_to_English,10788,11788
GH001,English_to_Twi,11599,12599
GH001,Twi_to_English,13229,14229
GH001,English_to_Twi,13719,14719
GH001,Twi_to_English,19617,20617
GH001,English_to_Twi,19918,20918
GH001,Twi_to_English,24026,25026
GH001,English_to_Twi,24487,25487
GH001,Twi_to_English,24825,25825
GH001,English_to_Twi,26081,27081
GH001,Twi_to_English,27184,28184
GH001,English_to_Twi,29012,30012
GH001,Twi_to_English,34314,35314
GH001,English_to_Twi,34757,35757
GH001,Twi_to_English,35225,36225
GH001,English_to_Twi,35832,36832
GH001,Twi_to_English,37331,38331
GH001,English_to_Twi,38669,39669
GH001,Twi_to_English,43724,44724
GH001,English_to_Twi,44883,45883
GH001,Twi_to_English,46370,47370
GH001,English_to_Twi,48890,49890
GH001,Twi_to_English,51609,52609
GH001,English_to_Twi,51893,52893
GH001,Twi_to_English,52584,53584
GH001,English_to_Twi,52940,53940
GH001,Twi_to_English,57772,58772
GH001,English_to_Twi,58303,59303
GH001,Twi_to_English,72063,73063
GH001,English_to_Twi,73871,74871
GH001,Twi_to_English,77925,78925
GH001,English_to_Twi,78447,79447
GH001,Twi_to_English,89436,90436
GH001,English_to_Twi,90241,91241
GH001,Twi_to_English,92176,93176
GH001,English_to_Twi,92685,93685
GH001,Twi_to_English,94431,95431
GH001,English_to_Twi,98828,99828
GH001,Twi_to_English,102128,103128
GH001,English_to_Twi,103098,104098
GH001,Twi_to_English,104726,105726
GH001,English_to_Twi,106383,107383
GH001,Twi_to_English,108066,109066
GH001,English_to_Twi,109905,110905
GH001,Twi_to_English,120178,121178
GH001,English_to_Twi,121206,122206
GH001,Twi_to_English,134636,135636
GH001,English_to_Twi,135175,136175
GH001,Twi_to_English,137270,138270
GH001,English_to_Twi,137681,138681
GH001,Twi_to_English,141434,142434
GH001,English_to_Twi,142476,143476
GH001,Twi_to_English,143771,144771
GH001,English_to_Twi,144999,145999
GH001,Twi_to_English,161421,162421
GH001,English_to_Twi,162126,163126
GH001,Twi_to_English,164921,165921
GH001,English_to_Twi,165758,166758
GH001,Twi_to_English,172278,173278
GH001,English_to_Twi,175164,176164
GH001,Twi_to_English,177598,178598
GH001,English_to_Twi,178506,179506
GH001,Twi_to_English,183828,184828
GH001,English_to_Twi,185689,186689
GH001,Twi_to_English,193421,194421
GH001,English_to_Twi,195024,196024
GH001,Twi_to_English,196924,197924
GH001,English_to_Twi,200312,201312
GH001,Twi_to_English,201628,202628
GH001,English_to_Twi,206562,207562
GH001,Twi_to_English,207084,208084
GH001,English_to_Twi,207411,208411
GH001,Twi_to_English,212342,213342
GH001,English_to_Twi,213530,214530
GH001,Twi_to_English,214697,215697
GH001,English_to_Twi,215133,216133
GH001,Twi_to_English,222450,223450
GH001,English_to_Twi,222819,223819
GH001,Twi_to_English,223916,224916
GH001,English_to_Twi,224395,225395
GH001,Twi_to_English,243036,244036
GH001,English_to_Twi,243512,244512
GH001,Twi_to_English,245004,246004
GH001,English_to_Twi,246162,247162
GH001,Twi_to_English,254485,255485
GH001,English_to_Twi,256688,257688
GH001,Twi_to_English,267005,268005
GH001,English_to_Twi,267252,268252
GH001,Twi_to_English,279382,280382
GH001,English_to_Twi,279888,280888
GH001,Twi_to_English,281890,282890
GH001,English_to_Twi,283430,284430
GH001,Twi_to_English,285746,286746
GH001,English_to_Twi,287210,288210
GH001,Twi_to_English,291107,292107
GH001,English_to_Twi,291849,292849
GH001,Twi_to_English,297159,298159
GH001,English_to_Twi,297598,298598
GH001,Twi_to_English,301112,302112
GH001,English_to_Twi,301617,302617
GH001,Twi_to_English,310007,311007
GH001,English_to_Twi,310802,311802
GH001,Twi_to_English,311857,312857
GH001,English_to_Twi,312601,313601
GH001,Twi_to_English,318296,319296
GH001,English_to_Twi,319113,320113
GH001,Twi_to_English,321338,322338
GH001,English_to_Twi,322053,323053
GH001,Twi_to_English,332334,333334
GH001,English_to_Twi,332926,333926
GH001,Twi_to_English,333438,334438
GH001,English_to_Twi,334296,335296
GH002,Twi_to_English,5766,6766
GH002,English_to_Twi,6414,7414
GH002,Twi_to_English,6627,7627
GH002,English_to_Twi,7027,8027
GH002,Twi_to_English,8543,9543
GH002,English_to_Twi,8815,9815
GH002,Twi_to_English,9499,10499
GH002,English_to_Twi,9837,10837
GH002,Twi_to_English,17017,18017
GH002,English_to_Twi,17512,18512
GH002,Twi_to_English,21480,22480
GH002,English_to_Twi,24664,25664
GH002,Twi_to_English,24838,25838
GH002,English_to_Twi,25151,26151
GH002,Twi_to_English,30750,31750
GH002,English_to_Twi,32258,33258
GH002,Twi_to_English,34558,35558
GH002,English_to_Twi,34834,35834
GH002,Twi_to_English,41687,42687
GH002,English_to_Twi,41863,42863
GH002,Twi_to_English,45025,46025
GH002,English_to_Twi,46373,47373
GH002,Twi_to_English,49150,50150
GH002,English_to_Twi,50861,51861
GH002,Twi_to_English,60286,61286
GH002,English_to_Twi,61190,62190
GH002,Twi_to_English,62795,63795
GH002,English_to_Twi,63646,64646
GH002,Twi_to_English,70971,71971
GH002,English_to_Twi,71913,72913
GH002,Twi_to_English,72890,73890
GH002,English_to_Twi,73359,74359
GH002,Twi_to_English,74504,75504
GH002,English_to_Twi,75011,76011
GH002,Twi_to_English,80120,81120
GH002,English_to_Twi,82103,83103
GH002,Twi_to_English,83018,84018
GH002,English_to_Twi,84620,85620
GH002,Twi_to_English,87620,88620
GH002,English_to_Twi,89876,90876
GH002,Twi_to_English,92671,93671
GH002,English_to_Twi,93113,94113
GH002,Twi_to_English,96922,97922
GH002,English_to_Twi,100578,101578
GH002,Twi_to_English,100967,101967
GH002,English_to_Twi,102473,103473
GH002,Twi_to_English,103022,104022
GH002,English_to_Twi,103619,104619
GH002,Twi_to_English,104257,105257
GH002,English_to_Twi,105088,106088
GH002,Twi_to_English,109296,110296
GH002,English_to_Twi,109703,110703
GH002,Twi_to_English,119964,120964
GH002,English_to_Twi,121453,122453
GH002,Twi_to_English,133428,134428
GH002,English_to_Twi,133954,134954
GH002,Twi_to_English,134302,135302
GH002,English_to_Twi,136083,137083
GH002,Twi_to_English,141262,142262
GH002,English_to_Twi,141979,142979
GH002,Twi_to_English,145942,146942
GH002,English_to_Twi,146658,147658
GH003,Twi_to_English,0,757
GH003,English_to_Twi,1385,2385
GH003,Twi_to_English,4328,5328
GH003,English_to_Twi,5207,6207
GH003,Twi_to_English,5957,6957
GH003,English_to_Twi,7336,8336
GH003,Twi_to_English,8416,9416
GH003,English_to_Twi,11966,12966
GH003,Twi_to_English,20110,21110
GH003,English_to_Twi,22478,23478
GH003,Twi_to_English,27629,28629
GH003,English_to_Twi,28515,29515
GH003,Twi_to_English,32558,33558
GH003,English_to_Twi,34287,35287
GH003,Twi_to_English,35190,36190
GH003,English_to_Twi,35675,36675
GH003,Twi_to_English,40544,41544
GH003,English_to_Twi,41986,42986
GH003,Twi_to_English,43121,44121
GH003,English_to_Twi,44421,45421
GH003,Twi_to_English,49003,50003
GH003,English_to_Twi,49220,50220
GH003,Twi_to_English,49453,50453
GH003,English_to_Twi,49986,50986
GH003,Twi_to_English,51369,52369
GH003,English_to_Twi,53019,54019
GH003,Twi_to_English,65317,66317
GH003,English_to_Twi,65717,66717
GH003,Twi_to_English,67926,68926
GH003,English_to_Twi,68365,69365
GH003,Twi_to_English,70125,71125
GH003,English_to_Twi,70616,71616
GH003,Twi_to_English,73312,74312
GH003,English_to_Twi,73868,74868
GH003,Twi_to_English,77273,78273
GH003,English_to_Twi,77410,78410
GH003,Twi_to_English,77701,78701
GH003,English_to_Twi,77896,78896
GH003,Twi_to_English,78526,79526
GH003,English_to_Twi,79107,80107
GH003,Twi_to_English,84254,85254
GH003,English_to_Twi,84774,85774
GH003,Twi_to_English,97020,98020
GH003,English_to_Twi,97317,98317
GH003,Twi_to_English,104411,105411
GH003,English_to_Twi,107022,108022
GH003,Twi_to_English,108162,109162
GH003,English_to_Twi,108827,109827
GH003,Twi_to_English,113073,114073
GH003,English_to_Twi,119011,120011
GH003,Twi_to_English,119827,120827
GH003,English_to_Twi,126613,127613
GH003,Twi_to_English,130395,131395
GH003,English_to_Twi,131682,132682
GH003,Twi_to_English,132129,133129
GH003,English_to_Twi,132704,133704
GH003,Twi_to_English,134812,135812
GH003,English_to_Twi,136370,137370
GH003,Twi_to_English,138734,139734
GH003,English_to_Twi,141013,142013
GH003,Twi_to_English,141404,142404
GH003,English_to_Twi,141966,142966
GH003,Twi_to_English,145828,146828
GH003,English_to_Twi,147444,148444
GH003,Twi_to_English,150175,151175
GH003,English_to_Twi,156928,157928
GH003,Twi_to_English,157991,158991
GH003,English_to_Twi,158172,159172
GH003,Twi_to_English,161618,162618
GH003,English_to_Twi,163383,164383
GH003,Twi_to_English,184108,185108
GH003,English_to_Twi,185235,186235
GH003,Twi_to_English,186931,187931
GH003,English_to_Twi,188337,189337
GH003,Twi_to_English,190855,191855
GH003,English_to_Twi,200602,201602
GH003,Twi_to_English,201579,202579
GH003,English_to_Twi,205304,206304
GH003,Twi_to_English,210291,211291
GH003,English_to_Twi,210888,211888
GH003,Twi_to_English,211147,212147
GH003,English_to_Twi,211443,212443
GH003,Twi_to_English,215794,216794
GH003,English_to_Twi,217431,218431
GH003,Twi_to_English,221748,222748
GH003,English_to_Twi,223119,224119
GH003,Twi_to_English,226574,227574
GH003,English_to_Twi,230184,231184
GH003,Twi_to_English,231166,232166
GH003,English_to_Twi,233130,234130
GH003,Twi_to_English,246286,247286
GH003,English_to_Twi,248395,249395
GH003,Twi_to_English,260708,261708
GH003,English_to_Twi,261170,262170
GH003,Twi_to_English,272768,273768
GH003,English_to_Twi,273698,274698
GH003,Twi_to_English,279242,280242
GH003,English_to_Twi,282127,283127
GH003,Twi_to_English,287443,288443
GH003,English_to_Twi,289345,290345
GH003,Twi_to_English,306229,307229
GH003,English_to_Twi,306828,307828
GH003,Twi_to_English,309132,310132
GH003,English_to_Twi,310640,311640
GH003,Twi_to_English,316363,317363
GH003,English_to_Twi,317022,318022
GH003,Twi_to_English,322680,323680
GH003,English_to_Twi,323595,324595
GH003,Twi_to_English,339386,340386
GH003,English_to_Twi,339784,340784
GH003,Twi_to_English,340044,341044
GH003,English_to_Twi,340278,341278
GH003,Twi_to_English,341929,342929
GH003,English_to_Twi,342733,343733
GH003,Twi_to_English,349894,350894
GH003,English_to_Twi,350369,351369
GH003,Twi_to_English,352369,353369
GH003,English_to_Twi,354876,355876
GH003,Twi_to_English,359913,360913
GH003,English_to_Twi,360555,361555
GH003,Twi_to_English,366256,367256
GH003,English_to_Twi,367090,368090
GH003,Twi_to_English,383945,384945
GH003,English_to_Twi,385983,386983
GH003,Twi_to_English,387999,388999
GH003,English_to_Twi,388443,389443
GH003,Twi_to_English,389059,390059
GH003,English_to_Twi,389431,390431
GH003,Twi_to_English,394109,395109
GH003,English_to_Twi,398994,399994
GH003,Twi_to_English,399833,400833
GH003,English_to_Twi,401874,402874
GH004,Twi_to_English,27940,28940
GH004,English_to_Twi,29688,30688
GH004,Twi_to_English,40062,41062
GH004,English_to_Twi,41293,42293
GH004,Twi_to_English,44931,45931
GH004,English_to_Twi,45946,46946
GH004,Twi_to_English,61211,62211
GH004,English_to_Twi,61470,62470
GH004,Twi_to_English,86431,87431
GH004,English_to_Twi,87597,88597
GH004,Twi_to_English,98840,99840
GH004,English_to_Twi,99221,100221
GH004,Twi_to_English,105492,106492
GH004,English_to_Twi,108718,109718
GH004,Twi_to_English,114706,115706
GH004,English_to_Twi,115169,116169
GH004,Twi_to_English,142587,143587
GH004,English_to_Twi,143226,144226
GH004,Twi_to_English,144365,145365
GH004,English_to_Twi,144856,145856
GH004,Twi_to_English,149686,150686
GH004,English_to_Twi,150868,151868
GH004,Twi_to_English,150936,151936
GH004,English_to_Twi,151483,152483
GH004,Twi_to_English,158824,159824
GH004,English_to_Twi,159558,160558
GH004,Twi_to_English,160885,161885
GH004,English_to_Twi,161285,162285
GH004,Twi_to_English,162529,163529
GH004,English_to_Twi,163198,164198
GH004,Twi_to_English,163460,164460
GH004,English_to_Twi,166670,167670
GH004,Twi_to_English,168102,169102
GH004,English_to_Twi,170798,171798
GH004,Twi_to_English,185055,186055
GH004,English_to_Twi,186463,187463
GH004,Twi_to_English,189607,190607
GH004,English_to_Twi,190698,191698
GH004,Twi_to_English,208378,209378
GH004,English_to_Twi,210220,211220
GH004,Twi_to_English,221026,222026
GH004,English_to_Twi,221443,222443
GH004,Twi_to_English,222108,223108
GH004,English_to_Twi,222736,223736
GH004,Twi_to_English,231283,232283
GH004,English_to_Twi,232166,233166
GH004,Twi_to_English,233786,234786
GH004,English_to_Twi,234312,235312
GH004,Twi_to_English,240282,241282
GH004,English_to_Twi,240661,241661
GH004,Twi_to_English,241152,242152
GH004,English_to_Twi,241716,242716
GH005,Twi_to_English,876,1876
GH005,English_to_Twi,1920,2920
GH005,Twi_to_English,5618,6618
GH005,English_to_Twi,6427,7427
GH005,Twi_to_English,6480,7480
GH005,English_to_Twi,7450,8450
GH005,Twi_to_English,16480,17480
GH005,English_to_Twi,17154,18154
GH005,Twi_to_English,17167,18167
GH005,English_to_Twi,17490,18490
GH005,Twi_to_English,24842,25842
GH005,English_to_Twi,25496,26496
GH005,Twi_to_English,26910,27910
GH005,English_to_Twi,27920,28920
GH005,Twi_to_English,28830,29830
GH005,English_to_Twi,29660,30660
GH005,Twi_to_English,30323,31323
GH005,English_to_Twi,33270,34270
GH005,Twi_to_English,34500,35500
GH005,English_to_Twi,35650,36650
GH005,Twi_to_English,38220,39220
GH005,English_to_Twi,38737,39737
GH005,Twi_to_English,52160,53160
GH005,English_to_Twi,59893,60893
GH005,Twi_to_English,63510,64510
GH005,English_to_Twi,66360,67360
GH005,Twi_to_English,66848,67848
GH005,English_to_Twi,67382,68382
GH005,Twi_to_English,75170,76170
GH005,English_to_Twi,75866,76866
GH005,Twi_to_English,76293,77293
GH005,English_to_Twi,77238,78238
GH005,Twi_to_English,84261,85261
GH005,English_to_Twi,85161,86161
GH005,Twi_to_English,95059,96059
GH005,English_to_Twi,96513,97513
GH005,Twi_to_English,96555,97555
GH005,English_to_Twi,97850,98850
GH005,Twi_to_English,99550,100550
GH005,English_to_Twi,99910,100910
GH005,Twi_to_English,104230,105230
GH005,English_to_Twi,104580,105580
GH005,Twi_to_English,108130,109130
GH005,English_to_Twi,108788,109788
GH005,Twi_to_English,110782,111782
GH005,English_to_Twi,111957,112957
GH006,Twi_to_English,1273,2273
GH006,English_to_Twi,12615,13615
GH006,Twi_to_English,33980,34980
GH006,English_to_Twi,35071,36071
GH006,Twi_to_English,36952,37952
GH006,English_to_Twi,37490,38490
GH006,Twi_to_English,42986,43986
GH006,English_to_Twi,43440,44440
GH006,Twi_to_English,47712,48712
GH006,English_to_Twi,48230,49230
GH006,Twi_to_English,49335,50335
GH006,English_to_Twi,49846,50846
GH006,Twi_to_English,55777,56777
GH006,English_to_Twi,56292,57292
GH006,Twi_to_English,57360,58360
GH006,English_to_Twi,59805,60805
GH006,Twi_to_English,60962,61962
GH006,English_to_Twi,64120,65120
GH006,Twi_to_English,65190,66190
GH006,English_to_Twi,66154,67154
GH006,Twi_to_English,66290,67290
GH006,English_to_Twi,66600,67600
GH006,Twi_to_English,69446,70446
GH006,English_to_Twi,70975,71975
GH006,Twi_to_English,71052,72052
GH006,English_to_Twi,71996,72996
GH006,Twi_to_English,75853,76853
GH006,English_to_Twi,85751,86751
GH006,Twi_to_English,91011,92011
GH006,English_to_Twi,93586,94586
GH006,Twi_to_English,96232,97232
GH006,English_to_Twi,97026,98026
GH006,Twi_to_English,100991,101991
GH006,English_to_Twi,101758,102758
GH006,Twi_to_English,104698,105698
GH006,English_to_Twi,105947,106947
GH006,Twi_to_English,107402,108402
GH006,English_to_Twi,108011,109011
GH006,Twi_to_English,113077,114077
GH006,English_to_Twi,118043,119043
GH006,Twi_to_English,120899,121899
GH006,English_to_Twi,121835,122835
GH006,Twi_to_English,123114,124114
GH006,English_to_Twi,123625,124625
GH006,Twi_to_English,123699,124699
GH006,English_to_Twi,124933,125933
GH006,Twi_to_English,126476,127476
GH006,English_to_Twi,127315,128315
GH006,Twi_to_English,127620,128620
GH006,English_to_Twi,128123,129123
GH006,Twi_to_English,131826,132826
GH006,English_to_Twi,132311,133311
GH006,Twi_to_English,135089,136089
GH006,English_to_Twi,135933,136933
GH006,Twi_to_English,140168,141168
GH006,English_to_Twi,140753,141753
GH006,Twi_to_English,141862,142862
GH006,English_to_Twi,142547,143547
GH006,Twi_to_English,145358,146358
GH006,English_to_Twi,145748,146748
GH006,Twi_to_English,147267,148267
GH006,English_to_Twi,147940,148940
GH006,Twi_to_English,151177,152177
GH006,English_to_Twi,151736,152736
GH006,Twi_to_English,155606,156606
GH006,English_to_Twi,156500,157500
GH006,Twi_to_English,158192,159192
GH006,English_to_Twi,158566,159566
GH006,Twi_to_English,159686,160686
GH006,English_to_Twi,160814,161814
GH006,Twi_to_English,164940,165940
GH006,English_to_Twi,166554,167554
GH006,Twi_to_English,166815,167815
GH006,English_to_Twi,167923,168923
GH006,Twi_to_English,168295,169295
GH006,English_to_Twi,168925,169925
GH006,Twi_to_English,169235,170235
GH006,English_to_Twi,170263,171263
GH007,Twi_to_English,14760,15760
GH007,English_to_Twi,15124,16124
GH007,Twi_to_English,16498,17498
GH007,English_to_Twi,17173,18173
GH007,Twi_to_English,18510,19510
GH007,English_to_Twi,19000,20000
GH007,Twi_to_English,19577,20577
GH007,English_to_Twi,20707,21707
GH007,Twi_to_English,38019,39019
GH007,English_to_Twi,41030,42030
GH007,Twi_to_English,56158,57158
GH007,English_to_Twi,58100,59100
GH007,Twi_to_English,60100,61100
GH007,English_to_Twi,60832,61832
GH007,Twi_to_English,62026,63026
GH007,English_to_Twi,62470,63470
GH007,Twi_to_English,65520,66520
GH007,English_to_Twi,66230,67230
GH007,Twi_to_English,70449,71449
GH007,English_to_Twi,70926,71926
GH007,Twi_to_English,72637,73637
GH007,English_to_Twi,73267,74267
GH007,Twi_to_English,93479,94479
GH007,English_to_Twi,93820,94820
GH007,Twi_to_English,95428,96428
GH007,English_to_Twi,97537,98537
GH007,Twi_to_English,107570,108570
GH007,English_to_Twi,108319,109319
GH007,Twi_to_English,109750,110750
GH007,English_to_Twi,110010,111010
GH007,Twi_to_English,110410,111410
GH007,English_to_Twi,111528,112528
GH007,Twi_to_English,119274,120274
GH007,English_to_Twi,120940,121940
GH007,Twi_to_English,122599,123599
GH007,English_to_Twi,127609,128609
GH007,Twi_to_English,133675,134675
GH007,English_to_Twi,134344,135344
GH007,Twi_to_English,135630,136630
GH007,English_to_Twi,137070,138070
GH007,Twi_to_English,139690,140690
GH007,English_to_Twi,139990,140990
GH007,Twi_to_English,141565,142565
GH007,English_to_Twi,142034,143034
GH007,Twi_to_English,170173,171173
GH007,English_to_Twi,171835,172835
GH007,Twi_to_English,180413,181413
GH007,English_to_Twi,181270,182270
GH007,Twi_to_English,207182,208182
GH007,English_to_Twi,208447,209447
GH007,Twi_to_English,218567,219567
GH007,English_to_Twi,219891,220891
GH007,Twi_to_English,228960,229960
GH007,English_to_Twi,229694,230694
GH007,Twi_to_English,237611,238611
GH007,English_to_Twi,239420,240420
GH007,Twi_to_English,250829,251829
GH007,English_to_Twi,254000,255000
GH007,Twi_to_English,254738,255738
GH007,English_to_Twi,255010,256010
GH007,Twi_to_English,255678,256678
GH007,English_to_Twi,256700,257700
GH007,Twi_to_English,262581,263581
GH007,English_to_Twi,263540,264540
GH007,Twi_to_English,263900,264900
GH007,English_to_Twi,265635,266635
GH007,Twi_to_English,279390,280390
GH007,English_to_Twi,280687,281687
GH008,Twi_to_English,7660,8660
GH008,English_to_Twi,14577,15577
GH008,Twi_to_English,19498,20498
GH008,English_to_Twi,23451,24451
GH008,Twi_to_English,26763,27763
GH008,English_to_Twi,37040,38040
GH008,Twi_to_English,40430,41430
GH008,English_to_Twi,41460,42460
GH008,Twi_to_English,47792,48792
GH008,English_to_Twi,49514,50514
GH008,Twi_to_English,66878,67878
GH008,English_to_Twi,67440,68440
GH008,Twi_to_English,76283,77283
GH008,English_to_Twi,76720,77720
GH008,Twi_to_English,77125,78125
GH008,English_to_Twi,80134,81134
GH008,Twi_to_English,82450,83450
GH008,English_to_Twi,83021,84021
GH008,Twi_to_English,84820,85820
GH008,English_to_Twi,85200,86200
GH008,Twi_to_English,85484,86484
GH008,English_to_Twi,87690,88690
GH008,Twi_to_English,92200,93200
GH008,English_to_Twi,96016,97016
GH008,Twi_to_English,98522,99522
GH008,English_to_Twi,99654,100654
GH008,Twi_to_English,100445,101445
GH008,English_to_Twi,101895,102895
GH008,Twi_to_English,102100,103100
GH008,English_to_Twi,103493,104493
GH008,Twi_to_English,103978,104978
GH008,English_to_Twi,104750,105750
GH008,Twi_to_English,107503,108503
GH008,English_to_Twi,108140,109140
GH008,Twi_to_English,117870,118870
GH008,English_to_Twi,118260,119260
GH008,Twi_to_English,120873,121873
GH008,English_to_Twi,136450,137450
GH008,Twi_to_English,142830,143830
GH008,English_to_Twi,143690,144690
GH008,Twi_to_English,146222,147222
GH008,English_to_Twi,147660,148660
GH008,Twi_to_English,148615,149615
GH008,English_to_Twi,149232,150232
GH008,Twi_to_English,152770,153770
GH008,English_to_Twi,153480,154480
GH008,Twi_to_English,153601,154601
GH008,English_to_Twi,154750,155750
GH008,Twi_to_English,155507,156507
GH008,English_to_Twi,157870,158870
GH008,Twi_to_English,159090,160090
GH008,English_to_Twi,159490,160490
GH008,Twi_to_English,161829,162829
GH008,English_to_Twi,165800,166800
GH008,Twi_to_English,173306,174306
GH008,English_to_Twi,174231,175231
GH008,Twi_to_English,174644,175644
GH008,English_to_Twi,176404,177404
GH008,Twi_to_English,176721,177721
GH008,English_to_Twi,178416,179416
GH008,Twi_to_English,178750,179750
GH008,English_to_Twi,179460,180460
GH008,Twi_to_English,179666,180666
GH008,English_to_Twi,180760,181760
GH008,Twi_to_English,184468,185468
GH008,English_to_Twi,209931,210931
GH008,Twi_to_English,217670,218670
GH008,English_to_Twi,220329,221329
GH008,Twi_to_English,239939,240939
GH008,English_to_Twi,240893,241893
GH008,Twi_to_English,250385,251385
GH008,English_to_Twi,281626,282626
GH008,Twi_to_English,289194,290194
GH008,English_to_Twi,292882,293882
GH008,Twi_to_English,305780,306780
GH008,English_to_Twi,306920,307920
GH008,Twi_to_English,313421,314421
GH008,English_to_Twi,314000,315000
GH008,Twi_to_English,315690,316690
GH008,English_to_Twi,316319,317319
GH008,Twi_to_English,321834,322834
GH008,English_to_Twi,323889,324889
GH008,Twi_to_English,326948,327948
GH008,English_to_Twi,327861,328861
GH008,Twi_to_English,331266,332266
GH008,English_to_Twi,332313,333313
GH008,Twi_to_English,335085,336085
GH008,English_to_Twi,341070,342070
GH008,Twi_to_English,342746,343746
GH008,English_to_Twi,344214,345214
GH008,Twi_to_English,352940,353940
GH008,English_to_Twi,365260,366260
GH008,Twi_to_English,379345,380345
GH008,English_to_Twi,383996,384996
GH008,Twi_to_English,388429,389429
GH008,English_to_Twi,391341,392341
GH008,Twi_to_English,391398,392398
GH008,English_to_Twi,394002,395002
GH008,Twi_to_English,394159,395159
GH008,English_to_Twi,397397,398397
GH008,Twi_to_English,401729,402729
GH008,English_to_Twi,405353,406353
GH008,Twi_to_English,411369,412369
GH008,English_to_Twi,413362,414362
GH008,Twi_to_English,425780,426780
GH008,English_to_Twi,427058,428058
GH008,Twi_to_English,437854,438854
GH008,English_to_Twi,445167,446167
GH008,Twi_to_English,445337,446337
GH008,English_to_Twi,447864,448864
GH008,Twi_to_English,448006,449006
GH008,English_to_Twi,450653,451653
GH008,Twi_to_English,451847,452847
GH008,English_to_Twi,452463,453463
GH008,Twi_to_English,453057,454057
GH008,English_to_Twi,453620,454620
GH008,Twi_to_English,456623,457623
GH008,English_to_Twi,463513,464513
GH008,Twi_to_English,464458,465458
GH008,English_to_Twi,464690,465690
GH008,Twi_to_English,465245,466245
GH008,English_to_Twi,467882,468882
GH008,Twi_to_English,468830,469830
GH008,English_to_Twi,469060,470060
GH008,Twi_to_English,473716,474716
GH008,English_to_Twi,474263,475263
GH008,Twi_to_English,475733,476733
GH008,English_to_Twi,476315,477315
GH008,Twi_to_English,487299,488299
GH008,English_to_Twi,490830,491830
GH008,Twi_to_English,490900,491900
GH008,English_to_Twi,493692,494692
GH008,Twi_to_English,496279,497279
GH008,English_to_Twi,497216,498216
GH008,Twi_to_English,497281,498281
GH008,English_to_Twi,501160,502160
GH008,Twi_to_English,503225,504225
GH008,English_to_Twi,504136,505136
GH008,Twi_to_English,504145,505145
GH008,English_to_Twi,510891,511891
GH008,Twi_to_English,511699,512699
GH008,English_to_Twi,513206,514206
GH008,Twi_to_English,514212,515212
GH008,English_to_Twi,515566,516566
GH008,Twi_to_English,518043,519043
GH008,English_to_Twi,520057,521057
GH008,Twi_to_English,522038,523038
GH008,English_to_Twi,525265,526265
GH008,Twi_to_English,526952,527952
GH008,English_to_Twi,527846,528846
GH008,Twi_to_English,545525,546525
GH008,English_to_Twi,552470,553470
GH008,Twi_to_English,553485,554485
GH008,English_to_Twi,556090,557090
GH008,Twi_to_English,556860,557860
GH008,English_to_Twi,581090,582090
GH008,Twi_to_English,584720,585720
GH008,English_to_Twi,587490,588490
GH008,Twi_to_English,588941,589941
GH008,English_to_Twi,589930,590930
GH008,Twi_to_English,590744,591744
GH008,English_to_Twi,591510,592510
GH008,Twi_to_English,592605,593605
GH008,English_to_Twi,599338,600338
GH009,English_to_Twi,362,1362
GH009,Twi_to_English,1460,2460
GH009,English_to_Twi,1850,2850
GH009,Twi_to_English,3240,4240
GH009,English_to_Twi,3739,4739
GH009,Twi_to_English,21803,22803
GH009,English_to_Twi,23082,24082
GH009,Twi_to_English,27691,28691
GH009,English_to_Twi,34207,35207
GH009,Twi_to_English,36156,37156
GH009,English_to_Twi,66040,67040
GH009,Twi_to_English,75419,76419
GH009,English_to_Twi,78513,79513
GH009,Twi_to_English,92990,93990
GH009,English_to_Twi,94630,95630
GH009,Twi_to_English,96960,97960
GH009,English_to_Twi,97470,98470
GH009,Twi_to_English,101870,102870
GH009,English_to_Twi,104243,105243
GH009,Twi_to_English,107086,108086
GH009,English_to_Twi,113631,114631
GH009,Twi_to_English,113840,114840
GH009,English_to_Twi,114460,115460
GH009,Twi_to_English,122431,123431
GH009,English_to_Twi,130391,131391
GH009,Twi_to_English,136590,137590
GH009,English_to_Twi,137300,138300
GH009,Twi_to_English,181000,182000
GH009,English_to_Twi,181680,182680
GH009,Twi_to_English,183867,184867
GH009,English_to_Twi,184446,185446
GH009,Twi_to_English,221737,222737
GH009,English_to_Twi,222780,223780
GH009,Twi_to_English,224570,225570
GH009,English_to_Twi,225536,226536
GH009,Twi_to_English,225592,226592
GH009,English_to_Twi,226990,227990
GH009,Twi_to_English,227628,228628
GH009,English_to_Twi,229991,230991
GH009,Twi_to_English,231262,232262
GH009,English_to_Twi,232050,233050
GH009,Twi_to_English,233930,234930
GH009,English_to_Twi,234720,235720
GH009,Twi_to_English,237378,238378
GH009,English_to_Twi,238702,239702
GH009,Twi_to_English,241583,242583
GH009,English_to_Twi,247526,248526
GH009,Twi_to_English,254702,255702
GH009,English_to_Twi,255991,256991
GH009,Twi_to_English,263051,264051
GH009,English_to_Twi,263961,264961
GH009,Twi_to_English,266590,267590
GH009,English_to_Twi,270390,271390
GH009,Twi_to_English,285504,286504
GH009,English_to_Twi,286170,287170
GH009,Twi_to_English,306200,307200
GH009,English_to_Twi,306600,307600
GH009,Twi_to_English,330169,331169
GH009,English_to_Twi,333184,334184
GH009,Twi_to_English,358810,359810
GH009,English_to_Twi,359190,360190
GH009,Twi_to_English,390600,391600
GH009,English_to_Twi,391060,392060
GH009,Twi_to_English,397000,398000
GH009,English_to_Twi,397540,398540
GH009,Twi_to_English,397939,398939
GH009,English_to_Twi,398380,399380
GH009,Twi_to_English,398671,399671
GH009,English_to_Twi,400716,401716
GH009,Twi_to_English,403596,404596
GH009,English_to_Twi,404430,405430
GH009,Twi_to_English,439677,440677
GH009,English_to_Twi,453963,454963
GH009,Twi_to_English,456972,457972
GH009,English_to_Twi,461488,462488
GH009,Twi_to_English,544050,545050
GH009,English_to_Twi,553549,554549
GH009,Twi_to_English,567530,568530
GH009,English_to_Twi,568460,569460
GH009,Twi_to_English,575412,576412
GH009,English_to_Twi,576370,577370
GH010,English_to_Twi,7549,8549
GH010,Twi_to_English,9578,10578
GH010,English_to_Twi,16720,17720
GH010,Twi_to_English,19367,20367
GH010,English_to_Twi,21252,22252
GH010,Twi_to_English,23864,24864
GH010,English_to_Twi,27007,28007
GH010,Twi_to_English,27618,28618
GH010,English_to_Twi,30297,31297
GH010,Twi_to_English,33454,34454
GH010,English_to_Twi,43193,44193
GH010,Twi_to_English,45326,46326
GH010,English_to_Twi,54096,55096
GH010,Twi_to_English,55411,56411
GH010,English_to_Twi,61200,62200
GH010,Twi_to_English,64434,65434
GH010,English_to_Twi,68348,69348
GH010,Twi_to_English,75304,76304
GH010,English_to_Twi,76094,77094
GH010,Twi_to_English,76983,77983
GH010,English_to_Twi,77727,78727
GH010,Twi_to_English,82412,83412
GH010,English_to_Twi,86901,87901
GH010,Twi_to_English,93990,94990
GH010,English_to_Twi,94459,95459
GH010,Twi_to_English,96580,97580
GH010,English_to_Twi,98170,99170
GH010,Twi_to_English,99911,100911
GH010,English_to_Twi,100364,101364
GH010,Twi_to_English,101304,102304
GH010,English_to_Twi,104707,105707
GH010,Twi_to_English,110344,111344
GH010,English_to_Twi,112757,113757
GH010,Twi_to_English,115109,116109
GH010,English_to_Twi,116496,117496
GH010,Twi_to_English,129650,130650
GH010,English_to_Twi,133950,134950
GH010,Twi_to_English,134003,135003
GH010,English_to_Twi,135537,136537
GH010,Twi_to_English,135940,136940
GH010,English_to_Twi,136390,137390
GH010,Twi_to_English,147540,148540
GH010,English_to_Twi,155992,156992
GH010,Twi_to_English,156557,157557
GH010,English_to_Twi,156730,157730
GH010,Twi_to_English,162728,163728
GH010,English_to_Twi,163967,164967
GH010,Twi_to_English,165394,166394
GH010,English_to_Twi,173877,174877
GH010,Twi_to_English,174429,175429
GH010,English_to_Twi,174888,175888
GH010,Twi_to_English,194922,195922
GH010,English_to_Twi,197697,198697
GH010,Twi_to_English,200860,201860
GH010,English_to_Twi,201260,202260
GH010,Twi_to_English,205237,206237
GH010,English_to_Twi,206447,207447
GH010,Twi_to_English,209770,210770
GH010,English_to_Twi,212810,213810
GH010,Twi_to_English,213415,214415
GH010,English_to_Twi,214250,215250
GH010,Twi_to_English,215306,216306
GH010,English_to_Twi,217122,218122
GH010,Twi_to_English,218143,219143
GH010,English_to_Twi,221113,222113
GH010,Twi_to_English,223582,224582
GH010,English_to_Twi,224180,225180
GH010,Twi_to_English,225040,226040
GH010,English_to_Twi,225680,226680
GH010,Twi_to_English,229505,230505
GH010,English_to_Twi,230170,231170
GH010,Twi_to_English,245980,246980
GH010,English_to_Twi,250842,251842
GH010,Twi_to_English,250878,251878
GH010,English_to_Twi,259614,260614
GH010,Twi_to_English,265070,266070
GH010,English_to_Twi,268140,269140
GH010,Twi_to_English,274989,275989
GH010,English_to_Twi,275322,276322
GH010,Twi_to_English,283807,284807
GH010,English_to_Twi,288422,289422
GH010,Twi_to_English,288718,289718
GH010,English_to_Twi,290060,291060
GH010,Twi_to_English,301125,302125
GH010,English_to_Twi,307312,308312
GH010,Twi_to_English,308920,309920
GH010,English_to_Twi,313680,314680
GH010,Twi_to_English,318228,319228
GH010,English_to_Twi,319027,320027
GH010,Twi_to_English,321714,322714
GH010,English_to_Twi,331480,332480
GH010,Twi_to_English,333585,334585
GH010,English_to_Twi,336952,337952
GH010,Twi_to_English,338710,339710
GH010,English_to_Twi,345891,346891
GH010,Twi_to_English,347055,348055
GH010,English_to_Twi,347563,348563
GH010,Twi_to_English,351871,352871
GH010,English_to_Twi,358054,359054
GH010,Twi_to_English,360528,361528
GH010,English_to_Twi,361989,362989
GH010,Twi_to_English,363439,364439
GH010,English_to_Twi,364907,365907
GH010,Twi_to_English,371906,372906
GH010,English_to_Twi,374149,375149
GH010,Twi_to_English,377830,378830
GH010,English_to_Twi,381986,382986
GH010,Twi_to_English,383711,384711
GH010,English_to_Twi,384187,385187
GH010,Twi_to_English,384191,385191
GH010,English_to_Twi,384584,385584
GH010,Twi_to_English,385451,386451
GH010,English_to_Twi,386858,387858
GH010,Twi_to_English,393286,394286
GH010,English_to_Twi,397399,398399
GH010,Twi_to_English,398873,399873
GH010,English_to_Twi,399503,400503
GH010,Twi_to_English,399526,400526
GH010,English_to_Twi,400316,401316
GH010,Twi_to_English,400676,401676
GH010,English_to_Twi,406978,407978
GH010,Twi_to_English,412771,413771
GH010,English_to_Twi,417599,418599
GH010,Twi_to_English,417894,418894
GH010,English_to_Twi,418230,419230
GH010,Twi_to_English,425739,426739
GH010,English_to_Twi,430520,431520
GH010,Twi_to_English,433909,434909
GH010,English_to_Twi,435203,436203
GH010,Twi_to_English,437582,438582
GH010,English_to_Twi,439991,440991
GH010,Twi_to_English,440676,441676
GH010,English_to_Twi,441400,442400
GH010,Twi_to_English,442447,443447
GH010,English_to_Twi,446044,447044
GH010,Twi_to_English,457129,458129
GH010,English_to_Twi,460159,461159
GH010,Twi_to_English,461343,462343
GH010,English_to_Twi,463421,464421
GH010,Twi_to_English,465730,466730
GH010,English_to_Twi,472451,473451
GH010,Twi_to_English,478692,479692
GH010,English_to_Twi,482486,483486
GH010,Twi_to_English,483716,484716
GH010,English_to_Twi,488221,489221
GH010,Twi_to_English,489922,490922
GH010,English_to_Twi,490532,491532
GH010,Twi_to_English,503914,504914
GH010,English_to_Twi,505460,506460
GH010,Twi_to_English,506494,507494
GH010,English_to_Twi,511802,512802
GH010,Twi_to_English,512385,513385
GH010,English_to_Twi,513832,514832
GH011,English_to_Twi,3640,4640
GH011,Twi_to_English,6935,7935
GH011,English_to_Twi,11364,12364
GH011,Twi_to_English,11719,12719
GH011,English_to_Twi,15743,16743
GH011,Twi_to_English,20230,21230
GH011,English_to_Twi,20782,21782
GH011,Twi_to_English,24218,25218
GH011,English_to_Twi,29713,30713
GH011,Twi_to_English,30045,31045
GH011,English_to_Twi,31389,32389
GH011,Twi_to_English,35736,36736
GH011,English_to_Twi,36487,37487
GH011,Twi_to_English,37160,38160
GH011,English_to_Twi,38243,39243
GH011,Twi_to_English,39422,40422
GH011,English_to_Twi,42457,43457
GH011,Twi_to_English,43321,44321
GH011,English_to_Twi,50302,51302
GH011,Twi_to_English,54927,55927
GH011,English_to_Twi,66076,67076
GH011,Twi_to_English,66116,67116
GH011,English_to_Twi,70551,71551
GH011,Twi_to_English,74029,75029
GH011,English_to_Twi,74383,75383
GH011,Twi_to_English,76047,77047
GH011,English_to_Twi,77140,78140
GH011,Twi_to_English,82771,83771
GH011,English_to_Twi,91484,92484
GH011,Twi_to_English,92880,93880
GH011,English_to_Twi,94088,95088
GH011,Twi_to_English,101214,102214
GH011,English_to_Twi,109550,110550
GH011,Twi_to_English,111826,112826
GH011,English_to_Twi,112006,113006
GH011,Twi_to_English,112897,113897
GH011,English_to_Twi,113617,114617
GH011,Twi_to_English,117019,118019
GH011,English_to_Twi,118253,119253
GH011,Twi_to_English,118530,119530
GH011,English_to_Twi,119330,120330
GH011,Twi_to_English,123712,124712
GH011,English_to_Twi,124648,125648
GH011,Twi_to_English,124770,125770
GH011,English_to_Twi,130486,131486
GH011,Twi_to_English,130694,131694
GH011,English_to_Twi,131497,132497
GH011,Twi_to_English,133438,134438
GH011,English_to_Twi,134354,135354
GH011,Twi_to_English,134807,135807
GH011,English_to_Twi,136081,137081
GH011,Twi_to_English,141415,142415
GH011,English_to_Twi,141844,142844
GH011,Twi_to_English,142145,143145
GH011,English_to_Twi,143067,144067
GH011,Twi_to_English,143300,144300
GH011,English_to_Twi,143680,144680
GH011,Twi_to_English,146170,147170
GH011,English_to_Twi,146690,147690
GH011,Twi_to_English,148523,149523
GH011,English_to_Twi,153720,154720
GH011,Twi_to_English,167114,168114
GH011,English_to_Twi,167654,168654
GH011,Twi_to_English,191462,192462
GH011,English_to_Twi,193521,194521
GH011,Twi_to_English,193779,194779
GH011,English_to_Twi,195416,196416
GH011,Twi_to_English,201099,202099
GH011,English_to_Twi,201653,202653
GH011,Twi_to_English,206887,207887
GH011,English_to_Twi,208737,209737
GH011,Twi_to_English,211463,212463
GH011,English_to_Twi,220043,221043
GH011,Twi_to_English,222514,223514
GH011,English_to_Twi,223578,224578
GH011,Twi_to_English,228965,229965
GH011,English_to_Twi,229519,230519
GH011,Twi_to_English,232280,233280
GH011,English_to_Twi,232620,233620
GH011,Twi_to_English,233020,234020
GH011,English_to_Twi,233714,234714
GH011,Twi_to_English,235206,236206
GH011,English_to_Twi,235853,236853
GH011,Twi_to_English,236524,237524
GH011,English_to_Twi,237083,238083
GH011,Twi_to_English,242711,243711
GH011,English_to_Twi,245877,246877
GH011,Twi_to_English,263575,264575
GH011,English_to_Twi,266306,267306
GH011,Twi_to_English,271980,272980
GH011,English_to_Twi,272580,273580
GH011,Twi_to_English,275679,276679
GH011,English_to_Twi,276060,277060
GH011,Twi_to_English,277460,278460
GH011,English_to_Twi,277900,278900
GH011,Twi_to_English,279590,280590
GH011,English_to_Twi,280490,281490
GH011,Twi_to_English,291831,292831
GH011,English_to_Twi,296009,297009
GH011,Twi_to_English,296728,297728
GH011,English_to_Twi,305124,306124
GH011,Twi_to_English,305382,306382
GH011,English_to_Twi,306587,307587
GH011,Twi_to_English,307477,308477
GH011,English_to_Twi,307747,308747
GH011,Twi_to_English,311369,312369
GH011,English_to_Twi,313050,314050
GH011,Twi_to_English,315117,316117
GH011,English_to_Twi,316234,317234
GH011,Twi_to_English,320866,321866
GH011,English_to_Twi,321486,322486
GH011,Twi_to_English,325858,326858
GH011,English_to_Twi,326520,327520
GH011,Twi_to_English,330605,331605
GH011,English_to_Twi,333567,334567
GH011,Twi_to_English,333751,334751
GH011,English_to_Twi,338123,339123
GH011,Twi_to_English,344548,345548
GH011,English_to_Twi,345818,346818
GH011,Twi_to_English,346536,347536
GH011,English_to_Twi,347265,348265
GH011,Twi_to_English,361872,362872
GH011,English_to_Twi,374863,375863
GH011,Twi_to_English,375318,376318
GH011,English_to_Twi,377195,378195
GH011,Twi_to_English,381251,382251
GH011,English_to_Twi,383120,384120
GH011,Twi_to_English,384930,385930
GH011,English_to_Twi,386508,387508
GH011,Twi_to_English,387019,388019
GH011,English_to_Twi,387472,388472
GH011,Twi_to_English,417908,418908
GH011,English_to_Twi,420288,421288
GH011,Twi_to_English,445990,446990
GH011,English_to_Twi,447211,448211
GH011,Twi_to_English,452905,453905
GH011,English_to_Twi,453475,454475
GH011,Twi_to_English,462346,463346
GH011,English_to_Twi,464302,465302
